{"combined-adapt": [0.26762574682412316, 0.6699975596228508, 0.013711537514317905, 0.005145486644134066], "v2i-adapt": [0.329056856946592, 0.5900121525986967, 0.025303706314076455, 0.016636565746772105], "v2v-adapt": [0.37620700523058576, 0.6156595103985287, 0.04010918736138541, 0.014350827751899069]}