{"combined-adapt": [0.18305358670183847, 0.7728266401740723, 0.012504655497496247, 0.008953776106995815], "v2i": [0.28239986042855425, 0.7286911059456568, 0.029466042385673956, 0.010378895554800345], "v2v-adapt": [0.2890319682656218, 0.7627762531123307, 0.024923197731026754, 0.012234352482378799], "v2i-adapt": [0.25919148335448966, 0.7343552262903291, 0.025391107833840045, 0.00974401693789299], "v2v": [0.32347847653505046, 0.7483737893778852, 0.048253112643558034, 0.021539864507818366]}