{"combined-adapt": [0.18597178980475548, 0.8036036438123464, 0.042059193587264995, 0.026503612659307837], "v2i": [0.27148070408656416, 0.7321347359364614, 0.08238812127254429, 0.05694334981743419], "v2v-adapt": [0.35503608054494834, 0.7257891200684716, 0.06177902612853347, 0.044131987552756595], "v2i-adapt": [0.2469270316880145, 0.7340774279343548, 0.06007251617410344, 0.052171472670395916], "v2v": [0.4092938195547581, 0.6950332389243157, 0.08314514769556472, 0.05499609894924684]}