{"combined-adapt": [0.14474769626576645, 0.7338365754187582, 0.05215754995030405, 0.029580362540470872], "v2i": [0.3195007044230411, 0.6214293590882225, 0.08271397912471146, 0.0535635195888881], "v2v-adapt": [0.24586880182907098, 0.6777479549435317, 0.08777575906136346, 0.04979752848850331], "v2i-adapt": [0.27207735954940815, 0.6156332597627484, 0.035358281781613446, 0.05154118584882784], "v2v": [0.26096598978343205, 0.6812225464471977, 0.09343464210040953, 0.046146624646969385]}