{"12": [0.7558903051371185, 0.8162490508731967, 0.8318818629307081, 0.7606581899775617, 0.7787410478703355, 0.8351606805293006, 0.805703422053232, 0.7766439909297053, 0.8001505457282649, 0.801825789273488, 0.6904024767801857, 0.8254335260115607, 0.8229048160788776, 0.8138461538461539, 0.6937618147448015, 0.5996955859969558, 0.8152548869298581, 0.8436198409693298, 0.7193251533742331, 0.7622857142857142, 0.783679753656659, 0.8159879336349924, 0.6552114803625377, 0.6282919488337095, 0.6448315032184778, 0.7409638554216867, 0.8453142642077531, 0.7515552099533437, 0.6952121448034254, 0.7234461054287962, 0.8044066486277541, 0.7267032106499608, 0.7630168453292496, 0.64304660856385, 0.7557015848473135, 0.7844925883694412, 0.669449715370019, 0.7971753628874069, 0.7206106870229008, 0.7222641509433962, 0.7774859287054409, 0.7599076567910735, 0.8096872616323417, 0.8463878326996198, 0.8053537284894837, 0.7633472169632715, 0.6953391436150057, 0.7982522796352584, 0.8100970873786407, 0.8033989957512553, 0.8199016269390844, 0.7679663608562691, 0.7462462462462462, 0.7024952015355086, 0.5623591284748309, 0.8445297504798465, 0.7746960486322189, 0.8280578350918327, 0.8557401812688822, 0.806340718105424, 0.6560966402416006, 0.6893712574850299, 0.8448275862068966, 0.7788605697151424, 0.8321651090342679, 0.8222641509433962, 0.7813592233009709, 0.8280402788536019, 0.6407547169811321, 0.7029367469879518, 0.6941619585687382, 0.5945017182130584, 0.7783214151298457, 0.7417644831503218, 0.7198595396020289, 0.7120458891013385, 0.7806917521854808, 0.7984962406015037, 0.7982355197545071, 0.7380860131731887], "11": [0.6388567014291232, 0.7885345482156416, 0.7432790609617569, 0.7359760658189978, 0.781379570297776, 0.7739130434782608, 0.8429657794676806, 0.5532879818594104, 0.622882950696274, 0.7763408139977178, 0.781733746130031, 0.7117533718689788, 0.5692074326886614, 0.55, 0.871077504725898, 0.7945205479452054, 0.7428133384438482, 0.806134040136312, 0.6407208588957055, 0.7420952380952381, 0.7074672825250192, 0.8446455505279035, 0.7258308157099698, 0.8235515425131678, 0.8822415751609239, 0.6050451807228916, 0.765525028227324, 0.7974339035769828, 0.8065395095367848, 0.6007081038552321, 0.8129107073830691, 0.6354737666405639, 0.6879785604900459, 0.729064039408867, 0.7800541167375338, 0.7704294944887875, 0.7973434535104365, 0.6622204786190663, 0.7435114503816794, 0.8430188679245283, 0.6566604127579737, 0.8330126971912274, 0.7097635392829901, 0.8418250950570342, 0.7548757170172085, 0.7440363498674745, 0.7302008336491095, 0.6204407294832827, 0.625242718446602, 0.7180378524526845, 0.6186152099886493, 0.8260703363914373, 0.5743243243243243, 0.8130518234165067, 0.6645379413974455, 0.8422264875239923, 0.8206686930091185, 0.7850722938647909, 0.8066465256797583, 0.7711993888464477, 0.6851642129105323, 0.6208832335329342, 0.632183908045977, 0.7694902548725637, 0.6261682242990654, 0.7988679245283019, 0.8019417475728156, 0.7947327652982185, 0.7381132075471698, 0.6863704819277109, 0.7322033898305085, 0.7376861397479955, 0.8505833646970267, 0.7830367285119273, 0.7616074912212252, 0.7931166347992352, 0.8282022044849867, 0.6402255639097745, 0.7123130034522439, 0.65865943432778], "10": [0.6473541908072615, 0.6138952164009112, 0.6512684589170769, 0.5886312640239342, 0.6061062947606484, 0.8604914933837429, 0.7669201520912547, 0.8507180650037793, 0.6435829883327061, 0.6264739444655762, 0.8053405572755418, 0.7383429672447014, 0.806977626090254, 0.8503846153846154, 0.8771266540642723, 0.6076864535768646, 0.5691835952472212, 0.8682317304051496, 0.6368865030674846, 0.8293333333333334, 0.6674364896073903, 0.6312217194570136, 0.7552870090634441, 0.5895410082768999, 0.8826202196137827, 0.8215361445783133, 0.8852088821979677, 0.749611197511664, 0.6340988711560919, 0.7793076317859953, 0.8299188248936993, 0.6237274862960063, 0.6405053598774885, 0.6494884425918909, 0.6486277541553923, 0.7050551121246674, 0.8929791271347248, 0.5778736759513535, 0.6427480916030535, 0.7120754716981132, 0.6409005628517823, 0.789149672951135, 0.8360030511060259, 0.6509505703422053, 0.8347992351816443, 0.6152972358954941, 0.6513830996589617, 0.6572948328267477, 0.8104854368932038, 0.6612591734260332, 0.6019674612183126, 0.849388379204893, 0.6745495495495496, 0.6871401151631478, 0.5848985725018783, 0.8383877159309021, 0.6603343465045592, 0.6006252442360297, 0.8455438066465257, 0.728418640183346, 0.7383918459796149, 0.6601796407185628, 0.7773946360153257, 0.7466266866566716, 0.8485202492211839, 0.8652830188679246, 0.6547572815533981, 0.8284275755228505, 0.6237735849056604, 0.8332078313253012, 0.8580037664783428, 0.8533791523482245, 0.6906285284155063, 0.8780764861794774, 0.703082325399922, 0.702868068833652, 0.8107183580387686, 0.7233082706766917, 0.8170310701956272, 0.8558698179000388], "9": [0.6407879490150638, 0.49696279422930906, 0.5952290798939796, 0.5224382946896036, 0.5827365246890313, 0.5141776937618148, 0.5414448669201521, 0.5665154950869237, 0.5223936770794129, 0.5697984024343857, 0.5727554179566563, 0.6497109826589595, 0.58968524838832, 0.5442307692307692, 0.5871455576559547, 0.6004566210045662, 0.6197776926025297, 0.5600151457781144, 0.67829754601227, 0.6784761904761905, 0.573518090839107, 0.5674962292609351, 0.5479607250755287, 0.6155003762227238, 0.794774706550549, 0.5120481927710844, 0.5976665412118931, 0.5824261275272161, 0.5500194628260023, 0.8379228953579858, 0.6548125241592578, 0.5657791699295223, 0.5957120980091883, 0.7487684729064039, 0.5558562040974101, 0.5686050931204865, 0.5123339658444023, 0.5825814044723421, 0.5519083969465649, 0.5754716981132075, 0.6086303939962476, 0.6033089649865333, 0.6845919145690312, 0.629277566539924, 0.6462715105162524, 0.5198788337750851, 0.555134520651762, 0.6193009118541033, 0.5883495145631068, 0.548474314407107, 0.4960272417707151, 0.5229357798165137, 0.5401651651651652, 0.5378119001919386, 0.5311795642374155, 0.5554702495201536, 0.5357142857142857, 0.5572489253614693, 0.5876132930513596, 0.5775401069518716, 0.5205738014345036, 0.6070359281437125, 0.6264367816091954, 0.5363568215892054, 0.47585669781931467, 0.6109433962264151, 0.5786407766990291, 0.6649883810999225, 0.4981132075471698, 0.5470632530120482, 0.5638418079096045, 0.6162657502863689, 0.5231464057207377, 0.5452480121166224, 0.6613343737807257, 0.7017208413001912, 0.6009122006841505, 0.6281954887218045, 0.6904487917146145, 0.6001549786904301], "8": [0.4959443800695249, 0.4779802581624905, 0.6035592578568724, 0.4906507105459985, 0.527327553712778, 0.5258979206049149, 0.4897338403041825, 0.47316704459561604, 0.499059089198344, 0.5941422594142259, 0.503482972136223, 0.535645472061657, 0.5551763367463026, 0.5107692307692308, 0.49792060491493384, 0.6350837138508372, 0.5212725182062092, 0.508898144642181, 0.549079754601227, 0.4921904761904762, 0.7117013086989993, 0.5580693815987934, 0.4845166163141994, 0.5767494356659142, 0.4937523665278304, 0.4751506024096386, 0.45088445615355666, 0.5921461897356143, 0.49669131957960294, 0.501573564122738, 0.5183610359489756, 0.5313234142521535, 0.5130168453292496, 0.4550966275104206, 0.5326633165829145, 0.5043709616115546, 0.5487666034155597, 0.5107885445272656, 0.5263358778625954, 0.4962264150943396, 0.5560975609756098, 0.5921508272412467, 0.6750572082379863, 0.5475285171102662, 0.5609942638623326, 0.5312381673608482, 0.5361879499810535, 0.5110182370820668, 0.5631067961165048, 0.4943993820007725, 0.5028376844494892, 0.5928899082568807, 0.5157657657657657, 0.5190019193857965, 0.5544703230653644, 0.49021113243761993, 0.5338145896656535, 0.5107463853067604, 0.5347432024169184, 0.5022918258212375, 0.5254813137032842, 0.5179640718562875, 0.5762452107279693, 0.48875562218890556, 0.5272585669781932, 0.4981132075471698, 0.5254368932038835, 0.675445391169636, 0.49849056603773584, 0.5922439759036144, 0.48662900188323915, 0.5437189767086674, 0.4828754234098607, 0.4929950776221128, 0.5302380023410066, 0.5036328871892926, 0.6484226529836564, 0.543984962406015, 0.5799769850402762, 0.5648973266175901],